Domain,Status,Attractiveness,Demand,Length,Sectors,Created,Expires,Registrar
one.wine,resell,132,44%,3,"Business,General,Media,Technology",25/01/2016 11:21,25/01/2026 11:21,Porkbun LLC
brief.wine,available,124,19%,5,"Business,Education,General,Law",,,
complete.wine,available,120,21%,8,"Manufacturing,Retail,Technology",,,
flat.wine,available,116,24%,4,"Construction,Real Estate",,,
equal.wine,available,116,19%,5,"Education,General,Law",,,
tenth.wine,available,116,7%,5,Mathematics,,,
above.wine,available,112,22%,5,Business,,,
zero.wine,resell,112,49%,4,Mathematics,22/04/2025 15:15,22/04/2026 15:15,"Global Domains International, Inc. DBA DomainCostClub.com"
acute.wine,available,112,9%,5,"Mathematics,Medicine,Science",,,
hotshot.wine,available,112,14%,7,"Business,Entertainment,Sports",,,
abstract.wine,available,108,29%,8,"Arts,Humanities,Science",,,
abiding.wine,available,106,5%,7,"General,Religion",,,
active.wine,available,104,27%,6,"Health and Fitness,Sports,Travel",,,
teen.wine,available,104,14%,4,"Education,Entertainment,Healthcare",,,
expert.wine,available,104,26%,6,"Business,Education,Technology",,,
captive.wine,available,102,14%,7,"Entertainment,Hospitality,Technology",,,
absent.wine,available,102,8%,6,"Business,Education,Technology",,,
eight.wine,available,102,23%,5,"General,Mathematics",,,
abrupt.wine,available,100,3%,6,"Medicine,Science",,,
remove.wine,available,100,13%,6,"Construction,Manufacturing,Technology",,,
crack.wine,available,100,20%,5,Sports,,,
third.wine,available,100,16%,5,Mathematics,,,
adjunct.wine,available,100,5%,7,Education,,,
ninth.wine,available,100,9%,5,Mathematics,,,
whiz.wine,available,100,12%,4,"Business,Education,Technology",,,
eighth.wine,available,100,6%,6,Mathematics,,,
sixth.wine,available,100,8%,5,Mathematics,,,
whizz.wine,available,98,11%,5,"Business,Education,Technology",,,
academic.wine,available,96,20%,8,"Education,Humanities,Science",,,
alamode.wine,available,96,12%,9,Fashion,,,
forgiving.wine,available,96,3%,9,"Healthcare,Religion",,,
doable.wine,available,96,9%,6,"Business,Education,Technology",,,
actual.wine,available,96,22%,6,"Real Estate,Retail,Technology",,,
adequate.wine,available,94,9%,8,"Education,Healthcare,Technology",,,
virtuoso.wine,available,94,16%,8,"Arts,Entertainment",,,
abject.wine,available,94,7%,6,Humanities,,,
derelict.wine,available,92,7%,8,"Construction,Real Estate",,,
adjective.wine,available,92,5%,9,Education,,,
adept.wine,available,92,24%,5,"Education,Health and Fitness,Sports",,,
twentieth.wine,available,92,3%,9,Mathematics,,,
nought.wine,available,92,4%,6,Mathematics,,,
exemplary.wine,available,92,5%,9,"Business,Education,Healthcare",,,
abroad.wine,available,92,12%,6,"Hospitality,Travel",,,
additional.wine,available,90,8%,10,"Fashion,Retail,Technology",,,
addictive.wine,available,90,9%,9,Healthcare,,,
abortive.wine,available,90,1%,8,"Medicine,Science",,,
endearing.wine,available,90,1%,9,"Entertainment,Fashion,Retail",,,
adoring.wine,available,90,2%,7,"Entertainment,Fashion,Retail",,,
gripping.wine,available,90,3%,8,"Entertainment,Media,Technology",,,
leash.wine,available,90,7%,5,"General,Health and Fitness,Retail",,,
riveting.wine,available,90,6%,8,"Entertainment,Media,Technology",,,
actionable.wine,available,88,13%,10,"Business,Law",,,
adlib.wine,available,88,7%,6,Entertainment,,,
hundred.wine,available,88,14%,7,Mathematics,,,
three.wine,available,88,24%,5,Mathematics,,,
ace.wine,available,88,34%,3,Sports,,,
fifteen.wine,available,88,13%,7,Mathematics,,,
sixteen.wine,available,88,11%,7,Mathematics,,,
wide.wine,available,88,18%,4,"Business,Media,Technology",,,
proficient.wine,available,88,8%,10,"Education,Health and Fitness,Sports",,,
twelve.wine,available,88,18%,6,"General,Mathematics",,,
activist.wine,available,88,12%,8,"Humanities,Politics",,,
xiv.wine,available,86,12%,3,Mathematics,,,
adolescent.wine,available,86,3%,10,"Education,Entertainment,Healthcare",,,
intent.wine,available,86,25%,6,"Business,Education,Technology",,,
engrossing.wine,available,86,0%,10,"Entertainment,Media,Technology",,,
xix.wine,available,86,11%,3,Mathematics,,,
cipher.wine,available,86,29%,6,Mathematics,,,
extempore.wine,available,86,3%,9,Entertainment,,,
recondite.wine,available,86,4%,9,"Arts,Humanities,Science",,,
attendant.wine,available,86,5%,9,"Healthcare,Hospitality,Transportation",,,
thirteen.wine,available,84,10%,8,Mathematics,,,
acting.wine,available,84,12%,6,Entertainment,,,
thousand.wine,available,84,8%,8,Mathematics,,,
seventeen.wine,available,84,7%,9,Mathematics,,,
accessory.wine,available,84,8%,9,"Fashion,Retail,Technology",,,
twentytwo.wine,available,84,11%,10,Mathematics,,,
nineteen.wine,available,84,8%,8,Mathematics,,,
adjustable.wine,available,84,3%,10,"Manufacturing,Retail,Technology",,,
fourteen.wine,available,84,8%,8,Mathematics,,,
decade.wine,available,82,10%,6,Mathematics,,,
dozen.wine,available,82,10%,5,Mathematics,,,
abdominal.wine,available,82,1%,9,"Health and Fitness,Medicine",,,
fivesome.wine,available,82,1%,8,Sports,,,
impromptu.wine,available,82,16%,9,Entertainment,,,
enduring.wine,available,82,9%,8,"Health and Fitness,Religion",,,
absorbent.wine,available,82,3%,9,"Healthcare,Manufacturing,Retail",,,
abroach.wine,available,82,1%,7,Food and Beverage,,,
abenaki.wine,available,82,2%,7,Geography,,,
abkhaz.wine,available,82,1%,6,Geography,,,
altered.wine,available,82,9%,7,"Medicine,Science",,,
cleansing.wine,available,82,3%,9,Health and Fitness,,,
seventh.wine,available,80,10%,7,Mathematics,,,
capable.wine,available,80,12%,7,"Business,Education,Technology",,,
sequent.wine,available,80,7%,7,"Healthcare,Insurance,Transportation",,,
adoptable.wine,available,80,3%,9,"Education,Healthcare",,,
superstar.wine,available,80,18%,9,Entertainment,,,
absolute.wine,available,80,25%,8,"Engineering,Mathematics,Science",,,
wiz.wine,available,80,30%,3,"Business,Education,Technology",,,
able.wine,available,80,29%,4,"Business,Education,General,Technology",,,
abundant.wine,available,80,19%,8,"Agriculture,Manufacturing,Retail",,,
forty.wine,available,80,9%,5,Mathematics,,,
first.wine,available,80,36%,5,"General,Mathematics",,,
some.wine,resell,80,32%,4,"Business,Media,Retail",26/01/2025 10:35,26/01/2026 10:35,Porkbun LLC
two.wine,available,80,24%,3,Mathematics,,,
dorsal.wine,available,80,6%,6,"Medicine,Science",,,
worshipful.wine,available,80,1%,10,"Education,Healthcare,Religion",,,
absurd.wine,available,80,16%,6,"Arts,Entertainment,Media",,,
absorbable.wine,available,80,0%,10,"Healthcare,Pharmaceuticals,Science",,,
adjacent.wine,available,78,9%,8,"Construction,Real Estate,Retail",,,
adrenal.wine,available,78,4%,7,"Education,Healthcare,Science",,,
accidental.wine,available,78,11%,10,"Healthcare,Insurance,Transportation",,,
absorptive.wine,available,78,1%,10,"Healthcare,Manufacturing,Retail",,,
abkhasian.wine,available,78,1%,9,Geography,,,
adorable.wine,available,78,8%,8,"Entertainment,Fashion,Retail",,,
accessible.wine,available,78,21%,10,"Healthcare,Retail,Technology",,,
athletic.wine,available,78,15%,8,"Health and Fitness,Sports",,,
accurate.wine,available,78,16%,8,"Engineering,Mathematics,Science",,,
honestly.wine,available,78,9%,8,"Business,Law",,,
recognised.wine,available,78,3%,10,"Business,Education,Technology",,,
sixtynine.wine,available,78,8%,10,Mathematics,,,
dormant.wine,available,78,4%,7,"Medicine,Science",,,
acceptant.wine,available,78,1%,9,"Education,Healthcare",,,
recognized.wine,available,78,3%,10,"Business,Education,Technology",,,
acceptable.wine,available,78,5%,10,"Business,Hospitality,Retail",,,
abkhazian.wine,available,78,1%,9,Geography,,,
accepted.wine,available,78,6%,8,"Business,Education,Technology",,,
abounding.wine,available,78,2%,9,Agriculture,,,
twentysix.wine,available,78,8%,10,Mathematics,,,
low.wine,available,78,20%,3,"Business,Finance",,,
thirteenth.wine,available,76,4%,10,Mathematics,,,
nineteenth.wine,available,76,3%,10,Mathematics,,,
abrasive.wine,available,76,6%,8,"Construction,Manufacturing",,,
addable.wine,available,76,2%,7,"Engineering,Mathematics,Science",,,
fifteenth.wine,available,76,2%,9,Mathematics,,,
adhesive.wine,available,76,7%,8,"Construction,Manufacturing,Technology",,,
incidental.wine,available,76,4%,10,"Healthcare,Insurance,Transportation",,,
acoustic.wine,available,76,14%,8,Science,,,
adipose.wine,available,76,2%,7,"Healthcare,Science",,,
obscene.wine,available,76,5%,7,"Entertainment,Media",,,
resultant.wine,available,76,2%,9,"Healthcare,Insurance,Transportation",,,
adaptable.wine,available,76,9%,9,"Business,Education,Technology",,,
auxiliary.wine,available,76,7%,9,"Healthcare,Manufacturing,Technology",,,
eighteen.wine,available,76,7%,8,Mathematics,,,
adaptive.wine,available,76,28%,8,"Business,Education,Technology",,,
improvise.wine,available,76,4%,9,Entertainment,,,
ancillary.wine,available,76,6%,9,"Healthcare,Manufacturing,Technology",,,
ventral.wine,available,76,3%,7,Science,,,
adherent.wine,available,76,4%,8,"Politics,Religion",,,
hundredth.wine,available,76,1%,9,Mathematics,,,
fourteenth.wine,available,76,1%,10,Mathematics,,,
thousandth.wine,available,76,1%,10,Mathematics,,,
energizing.wine,available,76,3%,10,"Food and Beverage,Health and Fitness,Travel",,,
threed.wine,available,76,7%,7,Technology,,,
firstrate.wine,available,76,6%,10,Business,,,
ague.wine,available,76,2%,4,"Geography,Medicine,Science",,,
aberrant.wine,available,74,6%,8,"Medicine,Science",,,
skilful.wine,available,74,3%,7,"Education,Health and Fitness,Sports",,,
supra.wine,expiring,74,25%,5,"Medicine,Science",07/09/2024 17:00,07/09/2025 17:00,Domain Science Kutatási Szolgáltató Korlátolt Felelősségű Társaság
adamant.wine,available,74,14%,7,Religion,,,
playing.wine,available,74,12%,7,Entertainment,,,
cleared.wine,available,74,7%,7,"Healthcare,Law,Transportation",,,
acuate.wine,available,74,2%,6,"Engineering,Medicine,Science",,,
adapted.wine,available,74,6%,7,"Healthcare,Manufacturing,Technology",,,
adenoid.wine,available,74,1%,7,"Health and Fitness,Medicine,Science",,,
sensation.wine,available,74,7%,9,"Entertainment,Media,Sports",,,
adrenergic.wine,available,74,1%,10,"Education,Healthcare,Science",,,
manageable.wine,available,74,4%,10,"Business,Education,Technology",,,
activated.wine,available,74,9%,9,"Healthcare,Manufacturing,Technology",,,
achievable.wine,available,74,4%,10,"Business,Education,Technology",,,
broad.wine,available,74,13%,5,"Entertainment,General,Media",,,
realizable.wine,available,74,1%,10,"Business,Education,Technology",,,
single.wine,available,74,19%,6,Sports,,,
accepting.wine,available,74,3%,9,"Education,Healthcare",,,
admirable.wine,available,74,5%,9,"Business,Education,Healthcare",,,
trey.wine,available,72,14%,4,Sports,,,
existent.wine,available,72,3%,8,"Mathematics,Science",,,
adjunctive.wine,available,72,1%,10,"Healthcare,Manufacturing,Technology",,,
ablaze.wine,available,72,6%,6,Entertainment,,,
ninetieth.wine,available,72,1%,9,Mathematics,,,
adaptative.wine,available,72,1%,10,"Business,Education,Technology",,,
engrossed.wine,available,72,1%,9,"Entertainment,Media,Technology",,,
liv.wine,available,72,27%,3,Mathematics,,,
absorbed.wine,available,72,2%,8,"Entertainment,Media,Technology",,,
accustomed.wine,available,72,1%,10,"Business,Education,Humanities",,,
abreast.wine,available,72,2%,7,"Business,Technology",,,
adjectival.wine,available,72,1%,10,Education,,,
adonic.wine,available,72,2%,6,"Arts,Education,Entertainment",,,
eightieth.wine,available,72,1%,9,Mathematics,,,
trinity.wine,available,72,18%,7,Religion,,,
abloom.wine,available,72,5%,6,Agriculture,,,
absolutist.wine,available,72,1%,10,"Humanities,Law,Politics",,,
sixtieth.wine,available,72,1%,8,Mathematics,,,
lovely.wine,available,72,26%,6,"Entertainment,Fashion,Retail",,,
aching.wine,available,72,4%,6,Healthcare,,,
seventieth.wine,available,72,1%,10,Mathematics,,,
accusative.wine,available,72,0%,10,"Humanities,Law",,,
adiabatic.wine,available,72,3%,9,"Engineering,Science",,,
improvize.wine,available,72,1%,9,Entertainment,,,
addicted.wine,available,72,9%,8,Healthcare,,,
ternary.wine,available,72,7%,7,Mathematics,,,
recumbent.wine,available,70,2%,9,"Healthcare,Medicine,Science",,,
consequent.wine,available,70,3%,10,"Business,Education,General,Technology",,,
offhand.wine,available,70,2%,7,Entertainment,,,
abulic.wine,available,70,1%,6,Medicine,,,
unity.wine,available,70,40%,5,Mathematics,,,
tiptop.wine,available,70,24%,6,Fashion,,,
acuminate.wine,available,70,1%,9,"Engineering,Medicine,Science",,,
adored.wine,available,70,6%,6,"Entertainment,Fashion,Retail",,,
skillful.wine,available,70,9%,8,"Education,Health and Fitness,Sports",,,
practiced.wine,available,70,3%,9,"Education,Health and Fitness,Sports",,,
abradant.wine,available,70,1%,8,"Construction,Manufacturing",,,
lowdown.wine,available,70,6%,8,"Entertainment,Media",,,
gymnastic.wine,available,70,3%,9,"Entertainment,Sports",,,
adamantine.wine,available,70,4%,10,Religion,,,
adjusted.wine,available,70,5%,8,"Manufacturing,Retail,Technology",,,
miserable.wine,available,70,4%,9,Humanities,,,
stillborn.wine,available,70,2%,9,"Medicine,Science",,,
absorbing.wine,available,70,3%,9,"Entertainment,Media,Technology",,,
accumbent.wine,available,70,1%,9,"Healthcare,Medicine,Science",,,
admired.wine,available,70,5%,7,"Business,Education,Healthcare",,,
thirtieth.wine,available,68,1%,9,Mathematics,,,
licensed.wine,available,68,5%,8,"Business,Healthcare,Insurance",,,
accredited.wine,available,68,9%,10,"Business,Education,Healthcare",,,
octonary.wine,available,68,1%,8,Mathematics,,,
scurvy.wine,available,68,3%,6,Humanities,,,
abducent.wine,available,68,0%,8,Medicine,,,
threesome.wine,available,68,5%,9,Entertainment,,,
ennead.wine,available,68,5%,6,Mathematics,,,
achaean.wine,available,68,2%,7,Humanities,,,
acerate.wine,available,68,1%,7,Science,,,
sevener.wine,available,68,1%,7,Mathematics,,,
aroused.wine,available,68,3%,7,"Entertainment,Health and Fitness",,,
fiftieth.wine,available,68,0%,8,Mathematics,,,
abkhas.wine,available,68,0%,6,Geography,,,
fortieth.wine,available,68,0%,8,Mathematics,,,
licenced.wine,available,68,2%,8,"Business,Healthcare,Insurance",,,
stygian.wine,available,68,5%,7,Humanities,,,
ablative.wine,available,68,3%,8,Science,,,
vindicated.wine,available,68,2%,10,"Humanities,Law,Politics",,,
aculeate.wine,available,68,1%,8,"Engineering,Medicine,Science",,,
achaian.wine,available,68,2%,7,Humanities,,,
foursome.wine,available,68,4%,8,Sports,,,
activating.wine,available,68,3%,10,"Healthcare,Manufacturing,Technology",,,
abnaki.wine,available,68,1%,6,Geography,,,
septenary.wine,available,68,1%,9,Mathematics,,,
ane.wine,available,68,12%,3,Mathematics,,,
decorated.wine,available,68,3%,9,"Entertainment,Fashion,Retail",,,
disciple.wine,available,68,14%,8,"Education,Religion",,,
aberdonian.wine,available,68,1%,10,Geography,,,
deuce.wine,available,66,9%,5,Sports,,,
maven.wine,available,66,30%,5,"Entertainment,Fashion,Technology",,,
adorned.wine,available,66,5%,7,"Entertainment,Fashion,Retail",,,
ninety.wine,available,66,11%,6,Mathematics,,,
acappella.wine,available,66,6%,10,Entertainment,,,
four.wine,available,66,27%,4,Mathematics,,,
acervate.wine,available,66,1%,8,Science,,,
modish.wine,available,66,5%,6,Fashion,,,
accessary.wine,available,66,1%,9,"Business,Law,Technology",,,
eighty.wine,available,66,6%,6,Mathematics,,,
xiii.wine,available,66,9%,4,Mathematics,,,
xviii.wine,available,66,5%,5,Mathematics,,,
xvi.wine,available,66,5%,3,Mathematics,,,
exonerated.wine,available,66,2%,10,"Humanities,Law,Politics",,,
tenner.wine,available,66,5%,6,Finance,,,
fifty.wine,available,66,12%,5,Mathematics,,,
sextet.wine,available,66,1%,6,Entertainment,,,
xxi.wine,available,66,10%,3,Mathematics,,,
buzzing.wine,available,66,7%,7,"Entertainment,Media,Technology",,,
thirty.wine,available,66,8%,6,Mathematics,,,
latest.wine,available,66,18%,6,Technology,,,
xxv.wine,available,66,6%,3,Mathematics,,,
onec.wine,available,66,6%,5,Mathematics,,,
adopted.wine,available,66,4%,7,"Education,Healthcare",,,
xvii.wine,available,66,5%,4,Mathematics,,,
performing.wine,available,66,6%,10,Entertainment,,,
xii.wine,available,66,10%,3,Mathematics,,,
according.wine,available,66,3%,9,"Business,Education,Technology",,,
six.wine,available,66,26%,3,Mathematics,,,
century.wine,available,66,17%,7,Education,,,
acrobatic.wine,available,66,4%,9,"Entertainment,Sports",,,
teenager.wine,available,66,4%,8,"Education,Entertainment,Healthcare",,,
xxvi.wine,available,66,3%,4,Mathematics,,,
abstinent.wine,available,66,1%,9,"Health and Fitness,Religion",,,
adagio.wine,available,64,14%,6,Entertainment,,,
absolved.wine,available,64,1%,8,"Humanities,Law,Religion",,,
aflame.wine,available,64,3%,6,Entertainment,,,
rising.wine,available,64,18%,6,"Construction,Manufacturing,Real Estate",,,
scatty.wine,available,64,1%,6,"Arts,Entertainment,Media",,,
accordant.wine,available,64,3%,9,"Arts,Entertainment",,,
astringent.wine,available,64,1%,10,"Healthcare,Pharmaceuticals",,,
nondrinker.wine,available,64,1%,10,"Health and Fitness,Religion",,,
acentric.wine,available,64,2%,8,Science,,,
deviant.wine,available,64,12%,7,"Medicine,Science",,,
accrued.wine,available,62,2%,7,"Banking,Finance,Insurance",,,
playacting.wine,available,62,1%,10,Entertainment,,,
aborigine.wine,available,62,1%,9,Humanities,,,
activation.wine,available,62,16%,10,"Healthcare,Manufacturing,Technology",,,
activistic.wine,available,62,1%,10,"Humanities,Politics",,,
longdozen.wine,available,62,2%,10,Mathematics,,,
sixteenth.wine,available,62,1%,9,Mathematics,,,
acidic.wine,available,62,5%,6,"Food and Beverage,Science",,,
wrapped.wine,available,62,13%,7,"Fashion,Hospitality,Retail",,,
pungent.wine,available,62,1%,7,Food and Beverage,,,
orso.wine,available,62,9%,5,"Business,Media,Technology",,,
adoptive.wine,available,62,1%,8,"Education,Healthcare",,,
eleventh.wine,available,62,5%,8,Mathematics,,,
roughly.wine,available,62,3%,7,"Business,Media,Technology",,,
accusing.wine,available,62,1%,8,Law,,,
eighteenth.wine,available,62,1%,10,Mathematics,,,
admissible.wine,available,62,1%,10,"Education,Healthcare,Law",,,
aufait.wine,available,62,3%,7,"Fashion,Media",,,
abo.wine,available,62,15%,3,Science,,,
troika.wine,available,62,8%,6,Politics,,,
chiliad.wine,available,62,2%,7,Mathematics,,,
fortyfour.wine,available,62,6%,10,Mathematics,,,
adjuvant.wine,available,62,5%,8,"Healthcare,Manufacturing,Technology",,,
ensuant.wine,available,62,1%,7,"Healthcare,Insurance,Transportation",,,
twodozen.wine,available,62,1%,9,Mathematics,,,
exculpated.wine,available,62,1%,10,"Humanities,Law,Politics",,,
nail.wine,available,62,16%,4,"Construction,Fashion,General,Retail",,,
cumulative.wine,available,62,2%,10,"Banking,Finance,Insurance",,,
abashed.wine,available,60,1%,7,Humanities,,,
adnexal.wine,available,60,1%,7,"Agriculture,Manufacturing,Retail",,,
cxxxv.wine,available,60,2%,5,Mathematics,,,
cxv.wine,available,60,4%,3,Mathematics,,,
clx.wine,available,60,10%,3,Mathematics,,,
clxv.wine,available,60,1%,4,Mathematics,,,
clxxv.wine,available,60,1%,5,Mathematics,,,
clxx.wine,available,60,3%,4,Mathematics,,,
cxxv.wine,available,60,1%,4,Mathematics,,,
abstemious.wine,available,60,0%,10,"Food and Beverage,Health and Fitness,Hospitality",,,
aboveboard.wine,available,60,5%,10,"Business,Law",,,
adnate.wine,available,60,1%,6,"Agriculture,Manufacturing,Retail",,,
idolised.wine,available,60,1%,8,"Entertainment,Fashion,Retail",,,
cautionary.wine,available,60,1%,10,"Business,Education,Healthcare",,,
octet.wine,available,60,12%,5,Arts,,,
tertiary.wine,available,60,4%,8,Education,,,
cxx.wine,available,60,10%,3,Mathematics,,,
clxxx.wine,available,60,1%,5,Mathematics,,,
eightysix.wine,available,60,7%,10,Mathematics,,,
thou.wine,available,60,7%,4,Mathematics,,,
annexal.wine,available,60,1%,7,"Agriculture,Manufacturing,Retail",,,
cxxx.wine,available,60,4%,4,Mathematics,,,
sixty.wine,available,60,13%,5,Mathematics,,,
acceptive.wine,available,60,1%,9,"Education,Healthcare",,,
cxl.wine,available,60,7%,3,Mathematics,,,
idolized.wine,available,60,3%,8,"Entertainment,Fashion,Retail",,,
abstainer.wine,available,60,0%,9,"Health and Fitness,Religion",,,
cxlv.wine,available,60,2%,4,Mathematics,,,
xcl.wine,available,60,5%,3,Mathematics,,,
paunchy.wine,available,60,0%,7,"Health and Fitness,Medicine",,,
tercet.wine,available,59,2%,6,"Arts,Entertainment,Media",,,
accented.wine,available,58,3%,8,"Arts,Entertainment",,,
addible.wine,available,58,2%,7,"Engineering,Mathematics,Science",,,
alacarte.wine,available,58,11%,10,Food and Beverage,,,
lxxx.wine,available,58,2%,4,Mathematics,,,
pentad.wine,available,58,2%,6,Mathematics,,,
abridged.wine,available,58,4%,8,Media,,,
offhanded.wine,available,58,1%,9,Entertainment,,,
octad.wine,available,58,5%,5,Mathematics,,,
addressed.wine,available,58,3%,9,"Business,Technology,Telecommunications",,,
abused.wine,available,58,5%,6,"Healthcare,Law",,,
linear.wine,available,58,22%,6,"Engineering,Mathematics,Science",,,
accoutred.wine,available,58,1%,9,"Fashion,Manufacturing,Retail",,,
closeto.wine,available,58,3%,8,"Business,Media,Technology",,,
fifth.wine,available,58,12%,5,Mathematics,,,
fourscore.wine,available,58,4%,9,Mathematics,,,
twelfth.wine,available,58,2%,7,Mathematics,,,
acetic.wine,available,58,1%,6,"Food and Beverage,Science",,,
quintet.wine,available,58,8%,7,"Arts,Entertainment",,,
tetrad.wine,available,58,5%,6,Mathematics,,,
centesimal.wine,available,58,1%,10,Mathematics,,,
acyclic.wine,available,58,4%,7,"Engineering,Mathematics,Science",,,
heptad.wine,available,58,1%,6,Mathematics,,,
justabout.wine,available,58,3%,10,"Business,Media,Technology",,,
adhoc.wine,available,58,24%,6,"Business,Engineering,Technology",,,
seventy.wine,available,58,7%,7,Mathematics,,,
ache.wine,available,58,7%,4,Healthcare,,,
niner.wine,available,58,5%,5,Mathematics,,,
lxxviii.wine,available,58,1%,7,Mathematics,,,
hexad.wine,available,58,4%,5,Mathematics,,,
eighter.wine,available,58,2%,7,Mathematics,,,
actuarial.wine,available,58,8%,9,"Finance,Insurance,Mathematics",,,
adient.wine,available,58,4%,6,"Medicine,Science",,,
adjustive.wine,available,58,1%,9,"Manufacturing,Retail,Technology",,,
sixtyone.wine,available,58,3%,9,Mathematics,,,
fourth.wine,available,58,13%,6,Mathematics,,,
cypher.wine,resell,58,29%,6,Mathematics,23/06/2025 20:31,23/06/2026 20:31,"GoDaddy.com, LLC"
sixer.wine,available,58,5%,5,Sports,,,
sextuplet.wine,available,58,1%,9,Healthcare,,,
accretive.wine,available,58,6%,9,"Banking,Finance,Insurance",,,
aucourant.wine,available,58,3%,10,"Fashion,Media",,,
abandoned.wine,available,58,10%,9,"Construction,Real Estate",,,
enwrapped.wine,available,58,0%,9,"Entertainment,Fashion,Media",,,
abuzz.wine,available,58,5%,5,"Entertainment,Media,Technology",,,
fiftyone.wine,available,56,7%,9,Mathematics,,,
thirtysix.wine,available,56,5%,10,Mathematics,,,
xxviii.wine,available,56,1%,6,Mathematics,,,
aone.wine,available,56,15%,5,Food and Beverage,,,
abdominous.wine,available,56,0%,10,"Health and Fitness,Medicine",,,
xli.wine,available,56,5%,3,Mathematics,,,
fortysix.wine,available,56,3%,9,Mathematics,,,
xxvii.wine,available,56,3%,5,Mathematics,,,
appressed.wine,available,56,0%,9,"Agriculture,Manufacturing,Retail",,,
xlv.wine,available,56,6%,3,Mathematics,,,
accoutered.wine,available,56,0%,10,"Fashion,Manufacturing,Retail",,,
fortynine.wine,available,56,3%,10,Mathematics,,,
xxxv.wine,available,56,4%,4,Mathematics,,,
fiftynine.wine,available,56,4%,10,Mathematics,,,
xxix.wine,available,56,4%,4,Mathematics,,,
admissive.wine,available,56,1%,9,"Education,Healthcare,Hospitality",,,
xxxiv.wine,available,56,1%,5,Mathematics,,,
xliii.wine,available,56,1%,5,Mathematics,,,
lii.wine,available,56,7%,3,Mathematics,,,
halfdozen.wine,available,56,1%,10,Mathematics,,,
admittable.wine,available,56,1%,10,"Education,Healthcare,Hospitality",,,
fiftytwo.wine,available,56,6%,9,Mathematics,,,
lviii.wine,available,56,1%,5,Mathematics,,,
xliv.wine,available,56,2%,4,Mathematics,,,
xxxi.wine,available,56,9%,4,Mathematics,,,
xxiv.wine,available,56,5%,4,Mathematics,,,
xxxii.wine,available,56,1%,5,Mathematics,,,
xxiii.wine,available,56,5%,5,Mathematics,,,
xxxvi.wine,available,56,1%,5,Mathematics,,,
admittible.wine,available,56,1%,10,"Education,Healthcare,Hospitality",,,
liii.wine,available,56,4%,4,Mathematics,,,
fortytwo.wine,available,56,17%,9,Mathematics,,,
xlii.wine,available,56,5%,4,Mathematics,,,
ilx.wine,available,56,5%,3,Mathematics,,,
fortyone.wine,available,56,4%,9,Mathematics,,,
xlviii.wine,available,56,1%,6,Mathematics,,,
thirtytwo.wine,available,56,5%,10,Mathematics,,,
xxxiii.wine,available,56,2%,6,Mathematics,,,
fiftysix.wine,available,56,4%,9,Mathematics,,,
maledict.wine,available,56,1%,8,Religion,,,
lvii.wine,available,56,1%,4,Mathematics,,,
abeyant.wine,available,56,1%,7,"Business,Law",,,
xlvii.wine,available,56,2%,5,Mathematics,,,
xxxviii.wine,available,56,1%,7,Mathematics,,,
thirtyone.wine,available,56,5%,10,Mathematics,,,
addled.wine,available,56,2%,6,Entertainment,,,
potbellied.wine,available,56,0%,10,"Health and Fitness,Medicine",,,
xxxvii.wine,available,56,2%,6,Mathematics,,,
xlvi.wine,available,56,3%,4,Mathematics,,,
fiftyfour.wine,available,56,3%,10,Mathematics,,,
terzetto.wine,available,56,3%,8,Arts,,,
deuceace.wine,available,54,2%,9,Sports,,,
scratchy.wine,available,54,3%,8,Fashion,,,
adaxial.wine,available,54,2%,7,Science,,,
sise.wine,available,54,5%,4,Mathematics,,,
aboral.wine,available,54,2%,6,Science,,,
abasic.wine,available,54,1%,6,Science,,,
quintuplet.wine,available,54,1%,10,"Healthcare,Medicine,Science",,,
adductive.wine,available,54,0%,9,"Engineering,Mathematics,Science",,,
accentual.wine,available,54,3%,9,"Arts,Entertainment",,,
acoustical.wine,available,54,4%,10,Science,,,
quadruplet.wine,available,54,1%,10,"Healthcare,Medicine,Science",,,
actuated.wine,available,54,2%,8,"Automotive,Manufacturing,Technology",,,
topnotch.wine,available,54,18%,8,Business,,,
unnatural.wine,available,54,4%,9,"Medicine,Science",,,
accursed.wine,available,54,3%,8,"Entertainment,Media,Religion",,,
abatable.wine,available,54,1%,8,Law,,,
iii.wine,available,54,24%,3,Mathematics,,,
abaxial.wine,available,54,1%,7,Science,,,
monitory.wine,available,54,3%,8,"Business,Education,Healthcare",,,
viii.wine,available,54,6%,4,Mathematics,,,
quaternity.wine,available,54,4%,10,Mathematics,,,
admonitory.wine,available,54,0%,10,"Business,Education,Healthcare",,,
abducens.wine,available,54,1%,8,Medicine,,,
vii.wine,available,54,13%,3,Mathematics,,,
fortyfive.wine,available,54,4%,10,Mathematics,,,
adducting.wine,available,54,1%,9,"Engineering,Mathematics,Science",,,
threescore.wine,available,54,1%,10,Mathematics,,,
adjuratory.wine,available,54,0%,10,"Law,Politics,Religion",,,
adpressed.wine,available,54,0%,9,"Agriculture,Manufacturing,Retail",,,
achy.wine,available,54,3%,4,Healthcare,,,
deserted.wine,available,54,3%,8,"Hospitality,Real Estate",,,
quatern.wine,available,54,2%,7,Mathematics,,,
abatic.wine,available,54,1%,6,Science,,,
ternion.wine,available,54,3%,7,Mathematics,,,
fin.wine,available,54,30%,3,Finance,,,
twoscore.wine,available,54,2%,8,Mathematics,,,
quaternion.wine,available,54,6%,10,Mathematics,,,
abient.wine,available,54,1%,6,Science,,,
achromatic.wine,available,54,4%,10,Science,,,
adducent.wine,available,54,1%,8,"Engineering,Mathematics,Science",,,
abhorrent.wine,available,54,1%,9,Humanities,,,
sestet.wine,available,53,1%,6,Arts,,,
septet.wine,available,53,1%,6,General,,,
ixc.wine,available,52,5%,3,Mathematics,,,
odious.wine,available,52,2%,6,"Entertainment,Humanities",,,
xciv.wine,available,52,2%,4,Mathematics,,,
lxxvi.wine,available,52,1%,5,Mathematics,,,
ixl.wine,available,52,9%,3,Mathematics,,,
lxv.wine,available,52,5%,3,Mathematics,,,
ablated.wine,available,52,1%,7,Science,,,
lxxxv.wine,available,52,1%,5,Mathematics,,,
sixtyfive.wine,available,52,3%,10,Mathematics,,,
lxxxvi.wine,available,52,1%,6,Mathematics,,,
ninetyone.wine,available,52,5%,10,Mathematics,,,
decumbent.wine,available,52,1%,9,"Healthcare,Medicine,Science",,,
lxxiv.wine,available,52,1%,5,Mathematics,,,
eightytwo.wine,available,52,4%,10,Mathematics,,,
xcvi.wine,available,52,2%,4,Mathematics,,,
lxxiii.wine,available,52,1%,6,Mathematics,,,
sixtyfour.wine,available,52,3%,10,Mathematics,,,
tierce.wine,available,52,3%,6,General,,,
lxxi.wine,available,52,1%,4,Mathematics,,,
lxxxiii.wine,available,52,1%,7,Mathematics,,,
lxii.wine,available,52,1%,4,Mathematics,,,
lxvi.wine,available,52,3%,4,Mathematics,,,
lxxxii.wine,available,52,1%,6,Mathematics,,,
lxiv.wine,available,52,3%,4,Mathematics,,,
littlejoe.wine,available,52,2%,10,"Entertainment,Media",,,
detestable.wine,available,52,1%,10,Humanities,,,
abusive.wine,available,52,3%,7,"Healthcare,Law",,,
repugnant.wine,available,52,1%,9,Humanities,,,
ninetytwo.wine,available,52,4%,10,Mathematics,,,
lxxv.wine,available,52,1%,4,Mathematics,,,
uphill.wine,available,52,7%,6,"Sports,Transportation,Travel",,,
chagrined.wine,available,52,1%,9,Humanities,,,
abysmal.wine,available,52,4%,7,"Arts,Entertainment,Media",,,
xcii.wine,available,52,2%,4,Mathematics,,,
lxiii.wine,available,52,2%,5,Mathematics,,,
xciii.wine,available,52,1%,5,Mathematics,,,
ninetysix.wine,available,52,4%,10,Mathematics,,,
lxxxvii.wine,available,52,1%,7,Mathematics,,,
abominable.wine,available,52,2%,10,"Entertainment,Humanities",,,
lxxvii.wine,available,52,2%,6,Mathematics,,,
abstruse.wine,available,52,5%,8,"Humanities,Mathematics,Science",,,
lxi.wine,available,52,5%,3,Mathematics,,,
eightyone.wine,available,52,3%,10,Mathematics,,,
sixtytwo.wine,available,52,3%,9,Mathematics,,,
lxviii.wine,available,52,1%,6,Mathematics,,,
lxvii.wine,available,52,1%,5,Mathematics,,,
xci.wine,available,52,4%,3,Mathematics,,,
lxxii.wine,available,52,1%,5,Mathematics,,,
lxxxiv.wine,available,52,1%,6,Mathematics,,,
aboulic.wine,available,52,1%,7,Medicine,,,
xcvii.wine,available,52,1%,5,Mathematics,,,
xcv.wine,available,52,7%,3,Mathematics,,,
adenoidal.wine,available,52,1%,9,"Health and Fitness,Medicine,Science",,,
repulsive.wine,available,52,1%,9,Humanities,,,
sixtysix.wine,available,52,4%,9,Mathematics,,,
lxxxi.wine,available,52,1%,5,Mathematics,,,
xcviii.wine,available,52,1%,6,Mathematics,,,
cinque.wine,available,50,7%,6,Mathematics,,,
ogdoad.wine,available,50,1%,6,Mathematics,,,
needlelike.wine,available,50,0%,10,"Engineering,Medicine,Science",,,
spinous.wine,available,50,1%,7,"Agriculture,Science",,,
broached.wine,available,50,0%,8,Food and Beverage,,,
acerb.wine,available,50,2%,5,Science,,,
acapnic.wine,available,50,0%,7,"Healthcare,Medicine,Science",,,
abducting.wine,available,50,0%,9,Medicine,,,
acetose.wine,available,50,1%,7,Science,,,
triplet.wine,available,50,8%,7,Science,,,
aculeated.wine,available,50,0%,9,"Engineering,Medicine,Science",,,
vinegary.wine,available,50,1%,8,Food and Beverage,,,
acerose.wine,available,50,1%,7,Science,,,
abbatial.wine,available,50,0%,8,Religion,,,
acaudal.wine,available,50,1%,7,"Agriculture,Science",,,
quint.wine,available,50,13%,5,"Arts,Entertainment",,,
scummy.wine,available,50,1%,6,Humanities,,,
trine.wine,available,50,11%,5,"General,Religion",,,
abactinal.wine,available,50,0%,9,Science,,,
adhominem.wine,available,50,2%,10,"Humanities,Law,Politics",,,
abranchial.wine,available,50,0%,10,Science,,,
gillless.wine,available,50,0%,9,Science,,,
acetous.wine,available,50,1%,7,Science,,,
lxx.wine,available,50,5%,3,Mathematics,,,
acapnotic.wine,available,50,0%,9,"Healthcare,Medicine,Science",,,
abomasal.wine,available,50,0%,8,Agriculture,,,
acquitted.wine,available,50,1%,9,Law,,,
acellular.wine,available,50,1%,9,Science,,,
abdicable.wine,available,50,0%,9,Law,,,
adactylous.wine,available,50,0%,10,Science,,,
acerbic.wine,available,50,2%,7,"Arts,Humanities,Media",,,
aborticide.wine,available,50,0%,10,Medicine,,,
abyssal.wine,available,48,12%,7,"Arts,Entertainment,Media",,,
lxxxviii.wine,available,48,1%,8,Mathematics,,,
ilxx.wine,available,48,1%,4,Mathematics,,,
abstracted.wine,available,48,5%,10,"Arts,Humanities,Science",,,
notguilty.wine,available,48,5%,10,Law,,,
execrable.wine,available,48,0%,9,"Entertainment,Humanities",,,
ilxxx.wine,available,48,1%,5,Mathematics,,,
acanthoid.wine,available,46,1%,9,"Agriculture,Science",,,
acapnial.wine,available,46,0%,8,"Healthcare,Medicine,Science",,,
acarpous.wine,available,46,0%,8,"Agriculture,Science",,,
quaternary.wine,available,46,3%,10,Mathematics,,,
acetonic.wine,available,46,1%,8,Science,,,
acanthous.wine,available,46,0%,9,"Agriculture,Science",,,
acicular.wine,available,46,2%,8,Science,,,
acephalous.wine,available,46,1%,10,Science,,,
acetylic.wine,available,46,1%,8,Science,,,
stripling.wine,available,46,2%,9,"Education,Entertainment,Healthcare",,,
achromic.wine,available,46,2%,8,Science,,,
achenial.wine,available,46,1%,8,Science,,,
acaudate.wine,available,46,1%,8,"Agriculture,Science",,,
cotyloid.wine,available,46,1%,8,Science,,,
achromous.wine,available,46,1%,9,Science,,,
vinegarish.wine,available,46,1%,10,Food and Beverage,,,
acheronian.wine,available,46,1%,10,Humanities,,,
acetabular.wine,available,46,1%,10,Science,,,
acarpelous.wine,available,46,0%,10,"Agriculture,Science",,,
theabsurd.wine,available,46,1%,10,"Arts,Entertainment,Media",,,
acetylenic.wine,available,46,1%,10,Science,,,
acanthotic.wine,available,46,0%,10,"Agriculture,Science",,,
stemless.wine,available,46,2%,8,"Agriculture,Science",,,
cotyloidal.wine,available,44,1%,10,Science,,,
acherontic.wine,available,44,1%,10,Humanities,,,
accusatory.wine,available,44,1%,10,Law,,,
abscessed.wine,available,41,0%,9,Healthcare,,,
phoebe.wine,available,41,14%,6,Science,,,
accusive.wine,available,40,1%,8,Law,,,
scurrilous.wine,available,40,1%,10,"Entertainment,Media,Politics",,,
accurst.wine,available,40,1%,7,Religion,,,